{"repoSenseVersion":"451f11b74c","reportGeneratedTime":"Wed Mar 31 09:36:34 2021 UTC","reportGenerationTime":" 7.28 second(s)","zoneId":"Etc/UTC","reportTitle":"RepoSense Report","repos":[{"location":{"location":"https://github.com/reposense/RepoSense.git","repoName":"RepoSense","organization":"reposense"},"branch":"master","displayName":"reposense/RepoSense[master]","outputFolderName":"reposense_RepoSense_master"}],"errorList":[],"sinceDate":"2021-02-28","untilDate":"2021-03-31","isSinceDateProvided":false,"isUntilDateProvided":false}
